{"last_position": 161757, "last_time": 1735288385.4181163, "tv": {"tv": [0, "\u521d\u97f3\u5c9b", 1735281345.2168102], "lz": [0, "vr\u65ee\u65ef", 0]}}